{"cameraMode":{"drawMode":0,"name":"Shaded","section":"Shading Mode"},"sceneLighting":true,"audioPlay":false,"sceneViewState":{"m_AlwaysRefresh":false,"showFog":true,"showSkybox":true,"showFlares":true,"showImageEffects":true,"showParticleSystems":true,"showVisualEffectGraphs":true,"m_FxEnabled":true},"in2DMode":false,"pivot":{"x":7.335814476013184,"y":2.4149742126464845,"z":-10.873475074768067},"rotation":{"x":0.009927346371114254,"y":0.8845618367195129,"z":-0.46593552827835085,"w":0.01884615607559681},"size":16.86330795288086,"orthographic":false}